id,final_rank,designed_sequence,designed_chain_sequence,num_design,design_to_target_iptm,min_design_to_target_pae,design_ptm,filter_rmsd,designfolding-filter_rmsd,plip_hbonds_refolded,delta_sasa_refolded,design_largest_hydrophobic_patch_refolded,design_chain_hydrophobicity,design_hydrophobicity,loop,helix,sheet,file_name,num_prot_tokens,num_lig_atoms,num_resolved_tokens,num_tokens,UNK_fraction,GLY_fraction,ALA_fraction,CYS_fraction,SER_fraction,PRO_fraction,THR_fraction,VAL_fraction,ILE_fraction,ASN_fraction,ASP_fraction,LEU_fraction,MET_fraction,GLN_fraction,GLU_fraction,LYS_fraction,HIS_fraction,PHE_fraction,ARG_fraction,TYR_fraction,TRP_fraction,liability_score,liability_num_violations,liability_high_severity_violations,liability_medium_severity_violations,liability_low_severity_violations,liability_AspBridge_count,liability_AspCleave_count,liability_ProtTryp_count,liability_MetOx_count,liability_TrpOx_count,liability_HydroPatch_count,liability_HydroPatch_position,liability_HydroPatch_length,liability_HydroPatch_severity,liability_HydroPatch_details,liability_HydroPatch_positions,liability_HydroPatch_num_positions,liability_HydroPatch_global_details,liability_HydroPatch_avg_severity,liability_AspBridge_position,liability_AspBridge_length,liability_AspBridge_severity,liability_AspBridge_details,liability_AspBridge_positions,liability_AspBridge_num_positions,liability_AspBridge_global_details,liability_AspBridge_avg_severity,liability_AspCleave_position,liability_AspCleave_length,liability_AspCleave_severity,liability_AspCleave_details,liability_AspCleave_positions,liability_AspCleave_num_positions,liability_AspCleave_global_details,liability_AspCleave_avg_severity,liability_TrpOx_position,liability_TrpOx_length,liability_TrpOx_severity,liability_TrpOx_details,liability_TrpOx_positions,liability_TrpOx_num_positions,liability_TrpOx_global_details,liability_TrpOx_avg_severity,liability_DPP4_count,liability_DPP4_position,liability_DPP4_length,liability_DPP4_severity,liability_DPP4_details,liability_DPP4_positions,liability_DPP4_num_positions,liability_DPP4_global_details,liability_DPP4_avg_severity,liability_NTCycl_count,liability_NTCycl_position,liability_NTCycl_length,liability_NTCycl_severity,liability_NTCycl_details,liability_NTCycl_positions,liability_NTCycl_num_positions,liability_NTCycl_global_details,liability_NTCycl_avg_severity,liability_ProtTryp_position,liability_ProtTryp_length,liability_ProtTryp_severity,liability_ProtTryp_details,liability_ProtTryp_positions,liability_ProtTryp_num_positions,liability_ProtTryp_global_details,liability_ProtTryp_avg_severity,liability_MetOx_position,liability_MetOx_length,liability_MetOx_severity,liability_MetOx_details,liability_MetOx_positions,liability_MetOx_num_positions,liability_MetOx_global_details,liability_MetOx_avg_severity,liability_violations_summary,native_rmsd,native_rmsd_bb,bindsite_under_3rmsd,bindsite_under_4rmsd,bindsite_under_5rmsd,bindsite_under_6rmsd,bindsite_under_7rmsd,bindsite_under_8rmsd,bindsite_under_9rmsd,native_rmsd_refolded,native_rmsd_bb_refolded,designfolding-bb_rmsd,designfolding-bb_rmsd_design,designfolding-bb_rmsd_target,designfolding-bb_rmsd_design_target,designfolding-bb_target_aligned_rmsd_design,designfolding-bb_rmsd<2.5,designfolding-bb_target_aligned<2.5,designfolding-bb_designability_rmsd_2,designfolding-bb_designability_rmsd_4,designfolding-ligand_iptm,designfolding-interaction_pae,designfolding-min_interaction_pae,designfolding-min_design_to_target_pae,designfolding-iptm,designfolding-ptm,designfolding-protein_iptm,designfolding-design_iptm,designfolding-design_iiptm,designfolding-design_to_target_iptm,designfolding-target_ptm,designfolding-design_ptm,designfolding-min_interaction_pae<1.5,designfolding-min_interaction_pae<2,designfolding-min_interaction_pae<2.5,designfolding-min_interaction_pae<3,designfolding-min_interaction_pae<4,designfolding-min_interaction_pae<5,designfolding-design_ptm>80,designfolding-design_ptm>75,designfolding-design_iptm>80,designfolding-design_iptm>70,designfolding-design_iptm>60,designfolding-design_iptm>50,bb_rmsd,bb_rmsd_design,bb_rmsd_target,bb_rmsd_design_target,bb_target_aligned_rmsd_design,bb_rmsd<2.5,bb_target_aligned<2.5,bb_designability_rmsd_2,bb_designability_rmsd_4,ligand_iptm,interaction_pae,min_interaction_pae,iptm,ptm,protein_iptm,design_iptm,design_iiptm,target_ptm,min_interaction_pae<1.5,min_interaction_pae<2,min_interaction_pae<2.5,min_interaction_pae<3,min_interaction_pae<4,min_interaction_pae<5,design_ptm>80,design_ptm>75,design_iptm>80,design_iptm>70,design_iptm>60,design_iptm>50,design_sasa_unbound_refolded,design_sasa_bound_refolded,plip_saltbridge_refolded,liability_UnpairedCys_count,liability_UnpairedCys_positions,liability_UnpairedCys_num_positions,liability_UnpairedCys_global_details,liability_UnpairedCys_avg_severity,liability_UnpairedCys_position,liability_UnpairedCys_length,liability_UnpairedCys_severity,liability_UnpairedCys_details,liability_details,filter_rmsd_design,neg_min_design_to_target_pae,neg_design_hydrophobicity,neg_design_largest_hydrophobic_patch_refolded,neg_min_interaction_pae,has_x,num_filters_passed,pass_has_x_filter,pass_filters,pass_filter_rmsd_filter,pass_filter_rmsd_design_filter,pass_designfolding-filter_rmsd_filter,pass_ALA_fraction_filter,pass_GLY_fraction_filter,pass_GLU_fraction_filter,pass_LEU_fraction_filter,pass_VAL_fraction_filter,rank_design_iiptm,rank_design_ptm,rank_neg_min_design_to_target_pae,rank_plip_hbonds_refolded,rank_plip_saltbridge_refolded,rank_delta_sasa_refolded,max_rank,secondary_rank,quality_score,sequence
NiV-Gprot_292,1,SYALAAARAAARGRISARANLNYAKKLLQSPDPEKQVEGALELAEASRLTPEQRALLRQLLGSPDPRVVAAAAAALGASSNATEEDRALLRELLGSPDPVVRAGAAAGLGASPIVTREDLELLRELLGSPDPEVVAGAAAGLGASPILTEEDREILRSLLDSPDPLVREGAELGLNPQA,SYALAAARAAARGRISARANLNYAKKLLQSPDPEKQVEGALELAEASRLTPEQRALLRQLLGSPDPRVVAAAAAALGASSNATEEDRALLRELLGSPDPVVRAGAAAGLGASPIVTREDLELLRELLGSPDPEVVAGAAAGLGASPILTEEDREILRSLLDSPDPLVREGAELGLNPQA,179,0.68271,3.58166,0.87783,0.93169,1.48056,8,1576.42773,2039.16223,50.9079,50.9079,0.32402,0.67598,0.0,NiV-Gprot_292.cif,595,0,595.0,595.0,0.0,0.07821,0.19553,0.0,0.07263,0.07821,0.02235,0.05028,0.02235,0.02235,0.05028,0.1676,0.0,0.02793,0.09497,0.01676,0.0,0.0,0.08939,0.01117,0.0,260,26,26,0,0,0,0,0,0,0,0,-1,0,0,,,0,,0.0,81,2,10,,,0,,0.0,-1,0,0,,32-164,6,,10.0,-1,0,0,,,0,,0.0,0,-1,0,0,,,0,,0.0,0,-1,0,0,,,0,,0.0,-1,0,0,,8-168,19,,10.0,-1,0,0,,,0,,0.0,"AspBridge(pos81,sev10); AspCleavex6(pos32-164,sev10); ProtTrypx19(pos8-168,sev10)",0.0,0.0,0.0,0.0,0.0,0.5,0.5,1.0,1.0,0.0,0.0,1.48056,1.48056,,,,True,False,True,True,0.0,0.0,100000.25,100000.25,0.0,0.72075,0.0,0.0,0.0,0.0,0.0,0.72075,False,False,False,False,False,False,False,False,False,False,False,False,0.93169,0.79631,0.32732,2.07517,2.07517,True,True,True,True,0.0,10.31335,3.58166,0.68271,0.81529,0.68271,0.68271,0.0,0.88854,False,False,False,False,True,True,True,True,False,False,True,True,16965.23828,15388.81055,5,,,,,,,,,,,0.79631,-3.58166,-50.9079,-2039.16223,-3.58166,False,9,True,True,True,True,True,True,True,True,True,True,1.0,9.0,5.0,9.0,3.0,2.5,9.0,1,1.0,SYALAAARAAARGRISARANLNYAKKLLQSPDPEKQVEGALELAEASRLTPEQRALLRQLLGSPDPRVVAAAAAALGASSNATEEDRALLRELLGSPDPVVRAGAAAGLGASPIVTREDLELLRELLGSPDPEVVAGAAAGLGASPILTEEDREILRSLLDSPDPLVREGAELGLNPQA
NiV-Gprot_173,2,GYVATREGVYDEEGKLVLEGEDIYGVSVENGVLYVASRNLVEDSEGKVVALFPGYIGSIAVSNGVIYVGSYGGCHGYDRNGKLICSGAGVNAVCNKNCKAIEVDDPRGAAIDEKNGLVYVGTADGVVKAYDENGKLVAERKVPGEITGVDIDEATNLVYVGVDTTGEILAFDSKTLKLVKTNKI,GYVATREGVYDEEGKLVLEGEDIYGVSVENGVLYVASRNLVEDSEGKVVALFPGYIGSIAVSNGVIYVGSYGGCHGYDRNGKLICSGAGVNAVCNKNCKAIEVDDPRGAAIDEKNGLVYVGTADGVVKAYDENGKLVAERKVPGEITGVDIDEATNLVYVGVDTTGEILAFDSKTLKLVKTNKI,184,0.76111,2.33198,0.88485,0.92512,1.1593,9,1517.44922,315.24115,48.6194,48.6194,0.45109,0.0,0.54891,NiV-Gprot_173.cif,600,0,600.0,600.0,0.0,0.1413,0.07609,0.02174,0.04348,0.0163,0.04348,0.14674,0.05978,0.05978,0.07065,0.06522,0.0,0.0,0.08152,0.07065,0.00543,0.01087,0.02717,0.05978,0.0,305,33,28,5,0,0,0,0,0,0,0,-1,0,0,,16-157,5,,5.0,-1,0,0,,30-133,6,,10.0,-1,0,0,,43-172,4,,10.0,-1,0,0,,,0,,0.0,0,-1,0,0,,,0,,0.0,0,-1,0,0,,,0,,0.0,-1,0,0,,6-183,18,,10.0,-1,0,0,,,0,,0.0,"AspBridgex6(pos30-133,sev10); AspCleavex4(pos43-172,sev10); ProtTrypx18(pos6-183,sev10); HydroPatchx5(pos16-157,sev5)",0.0,0.0,0.0,0.0,0.25,0.5,0.75,1.0,1.0,0.0,0.0,1.1593,1.1593,,,,True,False,True,True,0.0,0.0,100000.25,100000.25,0.0,0.68252,0.0,0.0,0.0,0.0,0.0,0.68252,False,False,False,False,False,False,False,False,False,False,False,False,0.92512,0.86363,0.33929,1.75494,1.75494,True,True,True,True,0.0,8.47605,2.33198,0.76111,0.85686,0.76111,0.76111,0.0,0.90608,False,False,True,True,True,True,True,True,False,True,True,True,17125.23828,15607.78906,3,,,,,,,,,,,0.86363,-2.33198,-48.6194,-315.24115,-2.33198,False,9,True,True,True,True,True,True,True,True,True,True,1.0,6.0,2.0,4.5,11.5,5.5,11.5,2,0.998998998998999,GYVATREGVYDEEGKLVLEGEDIYGVSVENGVLYVASRNLVEDSEGKVVALFPGYIGSIAVSNGVIYVGSYGGCHGYDRNGKLICSGAGVNAVCNKNCKAIEVDDPRGAAIDEKNGLVYVGTADGVVKAYDENGKLVAERKVPGEITGVDIDEATNLVYVGVDTTGEILAFDSKTLKLVKTNKI
NiV-Gprot_146,3,SELELPKEEKKFKELGINLLVVLVPSTWTDEELEEAADRVVERIKALGAKAVAIITLLATPEGEEAARRFGEILERKLKEAGISVISRTIPGDKLVDKSQRAELEAELRELVKEMLKNNVDTIVVVVGGTPFTLGETTFYVKRLCDLLVRALRELK,SELELPKEEKKFKELGINLLVVLVPSTWTDEELEEAADRVVERIKALGAKAVAIITLLATPEGEEAARRFGEILERKLKEAGISVISRTIPGDKLVDKSQRAELEAELRELVKEMLKNNVDTIVVVVGGTPFTLGETTFYVKRLCDLLVRALRELK,156,0.68887,2.13614,0.87305,0.62848,0.74614,10,1504.73438,784.06134,59.2624,59.2624,0.21795,0.5641,0.21795,NiV-Gprot_146.cif,572,0,572.0,572.0,0.0,0.05769,0.08333,0.00641,0.03205,0.03205,0.0641,0.10256,0.05769,0.01923,0.03846,0.14744,0.00641,0.00641,0.14744,0.08974,0.0,0.02564,0.07051,0.00641,0.00641,285,31,26,5,0,0,0,0,0,0,0,-1,0,0,,19-147,4,,5.0,-1,0,0,,,0,,0.0,-1,0,0,,,0,,0.0,28,1,10,,,0,,0.0,0,-1,0,0,,,0,,0.0,0,-1,0,0,,,0,,0.0,-1,0,0,,7-153,24,,10.0,115,1,5,,,0,,0.0,"ProtTrypx24(pos7-153,sev10); MetOx(pos115,sev5); TrpOx(pos28,sev10); HydroPatchx4(pos19-147,sev5); UnpairedCys(pos145,sev10)",0.0,0.0,0.0,0.0,0.25,0.25,0.75,1.0,1.0,0.0,0.0,0.74614,0.74614,,,,True,False,True,True,0.0,0.0,100000.25,100000.25,0.0,0.76409,0.0,0.0,0.0,0.0,0.0,0.76409,False,False,False,False,False,False,False,True,False,False,False,False,0.62848,0.83226,0.3457,1.11691,1.11691,True,True,True,True,0.0,11.18767,2.13614,0.68887,0.81416,0.68887,0.68887,0.0,0.8921,False,False,True,True,True,True,True,True,False,False,True,True,17141.34766,15636.61328,5,1.0,,,,,145.0,1.0,10.0,,,0.83226,-2.13614,-59.2624,-784.06134,-2.13614,False,9,True,True,True,True,True,True,True,True,True,True,1.0,13.0,1.0,2.0,3.0,6.0,13.0,3,0.997997997997998,SELELPKEEKKFKELGINLLVVLVPSTWTDEELEEAADRVVERIKALGAKAVAIITLLATPEGEEAARRFGEILERKLKEAGISVISRTIPGDKLVDKSQRAELEAELRELVKEMLKNNVDTIVVVVGGTPFTLGETTFYVKRLCDLLVRALRELK
NiV-Gprot_306,4,MKIIVDASTLNREELQKLKEAGADAVLVDAGAVETIKDAKAVGLKVIADATSTFEPIPLEKAKAAGADAVLVSVDNELAAIEKIEEAKKLGLKVILRCPARDVAEARAATRRALALADRVGYEPEALLLDVTHCDVDEAIALLRAAAAVLREAGRDIPLIAEVSPSYTKEELERLARECPELAAVLLVGATLEEAIENVK,MKIIVDASTLNREELQKLKEAGADAVLVDAGAVETIKDAKAVGLKVIADATSTFEPIPLEKAKAAGADAVLVSVDNELAAIEKIEEAKKLGLKVILRCPARDVAEARAATRRALALADRVGYEPEALLLDVTHCDVDEAIALLRAAAAVLREAGRDIPLIAEVSPSYTKEELERLARECPELAAVLLVGATLEEAIENVK,200,0.70571,4.72127,0.87272,0.81679,0.71418,7,1529.35742,1599.63354,54.3149,54.3149,0.315,0.46,0.225,NiV-Gprot_306.cif,616,0,616.0,616.0,0.0,0.04,0.2,0.015,0.025,0.035,0.04,0.095,0.06,0.015,0.065,0.13,0.005,0.005,0.12,0.07,0.005,0.005,0.06,0.01,0.0,315,35,28,7,0,0,0,0,0,0,0,-1,0,0,,3-185,6,,5.0,-1,0,0,,,0,,0.0,-1,0,0,,,0,,0.0,-1,0,0,,,0,,0.0,0,-1,0,0,,,0,,0.0,0,-1,0,0,,,0,,0.0,-1,0,0,,2-177,25,,10.0,1,1,5,,,0,,0.0,"ProtTrypx25(pos2-177,sev10); MetOx(pos1,sev5); HydroPatchx6(pos3-185,sev5); UnpairedCysx3(pos98-179,sev10)",0.0,0.0,0.0,0.0,0.0,0.5,0.75,1.0,1.0,0.0,0.0,0.71418,0.71418,,,,True,False,True,True,0.0,0.0,100000.25,100000.25,0.0,0.68771,0.0,0.0,0.0,0.0,0.0,0.68771,False,False,False,False,False,False,False,False,False,False,False,False,0.81679,0.91167,0.33451,1.68965,1.68965,True,True,True,True,0.0,10.69628,4.72127,0.70571,0.81779,0.70571,0.70571,0.0,0.90017,False,False,False,False,False,True,True,True,False,True,True,True,17072.5957,15543.23828,5,3.0,98-179,3.0,,10.0,,,,,,0.91167,-4.72127,-54.3149,-1599.63354,-4.72127,False,9,True,True,True,True,True,True,True,True,True,True,1.0,14.0,8.0,14.0,3.0,5.0,14.0,4,0.996996996996997,MKIIVDASTLNREELQKLKEAGADAVLVDAGAVETIKDAKAVGLKVIADATSTFEPIPLEKAKAAGADAVLVSVDNELAAIEKIEEAKKLGLKVILRCPARDVAEARAATRRALALADRVGYEPEALLLDVTHCDVDEAIALLRAAAAVLREAGRDIPLIAEVSPSYTKEELERLARECPELAAVLLVGATLEEAIENVK
NiV-Gprot_098,5,EQEVEVEGYRYRLVPGPPGYDAATAIKYKGEWYLAGADARTGTVSLWKSKTGDVSAESWELVQTIDLGGPVTAALLVLKDGKLYLAALTNRNGVVTLSVYESDDGETFKLVAEDDGAGYAEVEVDGIRFGARGVGNGNAGVLGFELNGKWFALEGGLSTPVQLYVSDTGDMRDLSNFTLLLKHSTTSGVLVIEPL,EQEVEVEGYRYRLVPGPPGYDAATAIKYKGEWYLAGADARTGTVSLWKSKTGDVSAESWELVQTIDLGGPVTAALLVLKDGKLYLAALTNRNGVVTLSVYESDDGETFKLVAEDDGAGYAEVEVDGIRFGARGVGNGNAGVLGFELNGKWFALEGGLSTPVQLYVSDTGDMRDLSNFTLLLKHSTTSGVLVIEPL,195,0.77312,2.70292,0.92105,0.76223,1.39975,9,1643.25,874.87683,57.7822,57.7822,0.34359,0.03077,0.62564,NiV-Gprot_098.cif,611,0,611.0,611.0,0.0,0.13333,0.08718,0.0,0.05641,0.03077,0.07179,0.10256,0.02051,0.03077,0.06667,0.12308,0.00513,0.01538,0.07692,0.04615,0.00513,0.02564,0.0359,0.04615,0.02051,315,35,28,7,0,0,0,0,0,0,0,-1,0,0,,32-189,6,,5.0,-1,0,0,,92-147,4,,10.0,-1,0,0,,80-125,4,,10.0,-1,0,0,,32-150,4,,10.0,0,-1,0,0,,,0,,0.0,0,-1,0,0,,,0,,0.0,-1,0,0,,10-182,16,,10.0,171,1,5,,,0,,0.0,"AspBridgex4(pos92-147,sev10); AspCleavex4(pos80-125,sev10); ProtTrypx16(pos10-182,sev10); MetOx(pos171,sev5); TrpOxx4(pos32-150,sev10); HydroPatchx6(pos32-189,sev5)",0.0,0.0,0.0,0.0,0.5,0.75,0.75,1.0,1.0,0.0,0.0,1.39975,1.39975,,,,True,False,True,True,0.0,0.0,100000.25,100000.25,0.0,0.72775,0.0,0.0,0.0,0.0,0.0,0.72775,False,False,False,False,False,False,False,False,False,False,False,False,0.76223,1.19036,0.28695,1.34861,1.34861,True,True,True,True,0.0,8.74909,2.70292,0.77312,0.85954,0.77312,0.77312,0.0,0.91226,False,False,False,True,True,True,True,True,False,True,True,True,17126.92578,15483.67578,2,,,,,,,,,,,1.19036,-2.70292,-57.7822,-874.87683,-2.70292,False,9,True,True,True,True,True,True,True,True,True,True,1.0,1.0,3.0,4.5,21.0,1.0,21.0,5,0.995995995995996,EQEVEVEGYRYRLVPGPPGYDAATAIKYKGEWYLAGADARTGTVSLWKSKTGDVSAESWELVQTIDLGGPVTAALLVLKDGKLYLAALTNRNGVVTLSVYESDDGETFKLVAEDDGAGYAEVEVDGIRFGARGVGNGNAGVLGFELNGKWFALEGGLSTPVQLYVSDTGDMRDLSNFTLLLKHSTTSGVLVIEPL
NiV-Gprot_271,6,TVVILDENGNVVKTIEVPGLPTGASISPDGKYLFVTDDSTGTVNIYDVETGKLVKTLNTGAATPTGVAVSPDGKYIFVTDTTFYSGSIKKLDVETGKLVDSWSVVGRPTGVAISSDGKYIFVADATTRTIRILDVKTGKEVKTLPTDVKNPLSLAISKDDKKIFVADADGTVRIYDVATGKEVKTVEVPGTPTGVAV,TVVILDENGNVVKTIEVPGLPTGASISPDGKYLFVTDDSTGTVNIYDVETGKLVKTLNTGAATPTGVAVSPDGKYIFVTDTTFYSGSIKKLDVETGKLVDSWSVVGRPTGVAISSDGKYIFVADATTRTIRILDVKTGKEVKTLPTDVKNPLSLAISKDDKKIFVADADGTVRIYDVATGKEVKTVEVPGTPTGVAV,197,0.68159,4.8269,0.87379,1.135,1.80288,7,1460.07617,1672.99976,50.8391,50.8391,0.50254,0.0,0.49746,NiV-Gprot_271.cif,613,0,613.0,613.0,0.0,0.09645,0.06091,0.0,0.06091,0.05076,0.13706,0.14721,0.06599,0.02538,0.09137,0.05584,0.0,0.0,0.03553,0.09137,0.0,0.02538,0.0203,0.03046,0.00508,325,35,30,5,0,0,0,0,0,0,0,-1,0,0,,2-163,5,,5.0,8,2,10,,,0,,0.0,-1,0,0,,29-169,6,,10.0,102,1,10,,,0,,0.0,0,-1,0,0,,,0,,0.0,0,-1,0,0,,,0,,0.0,-1,0,0,,13-184,22,,10.0,-1,0,0,,,0,,0.0,"AspBridge(pos8,sev10); AspCleavex6(pos29-169,sev10); ProtTrypx22(pos13-184,sev10); TrpOx(pos102,sev10); HydroPatchx5(pos2-163,sev5)",0.0,0.0,0.0,0.0,0.0,0.25,1.0,1.0,1.0,0.0,0.0,1.80288,1.80288,,,,True,False,True,True,0.0,0.0,100000.25,100000.25,0.0,0.682,0.0,0.0,0.0,0.0,0.0,0.682,False,False,False,False,False,False,False,False,False,False,False,False,1.135,1.75294,0.31389,2.207,2.207,True,True,True,True,0.0,11.84472,4.8269,0.68159,0.80573,0.68159,0.68159,0.0,0.90193,False,False,False,False,False,True,True,True,False,False,True,True,17008.32031,15548.24414,2,,,,,,,,,,,1.75294,-4.8269,-50.8391,-1672.99976,-4.8269,False,9,True,True,True,True,True,True,True,True,True,True,1.0,12.0,9.0,14.0,21.0,8.0,21.0,5,0.994994994994995,TVVILDENGNVVKTIEVPGLPTGASISPDGKYLFVTDDSTGTVNIYDVETGKLVKTLNTGAATPTGVAVSPDGKYIFVTDTTFYSGSIKKLDVETGKLVDSWSVVGRPTGVAISSDGKYIFVADATTRTIRILDVKTGKEVKTLPTDVKNPLSLAISKDDKKIFVADADGTVRIYDVATGKEVKTVEVPGTPTGVAV
NiV-Gprot_299,7,GTVYKYKLDTATGEVTLLGSITTDVPASGVSVDPAENKLYLGAGSNGVVEIYEYDLSTGKYLGQIAIIPVAGYPGGVAVDKKNNLVFVTNPLTGEVLEFDLSTGKLLRSITLPVPASGVSYDPENNLLYAVDASTNNVYKYDANTGEYLGVVATLPLPNVTGISYDPATNTLYVALGPS,GTVYKYKLDTATGEVTLLGSITTDVPASGVSVDPAENKLYLGAGSNGVVEIYEYDLSTGKYLGQIAIIPVAGYPGGVAVDKKNNLVFVTNPLTGEVLEFDLSTGKLLRSITLPVPASGVSYDPENNLLYAVDASTNNVYKYDANTGEYLGVVATLPLPNVTGISYDPATNTLYVALGPS,179,0.53812,6.57224,0.86348,0.83036,1.48892,8,1232.24707,1065.61292,57.0356,57.0356,0.42458,0.0,0.57542,NiV-Gprot_299.cif,595,0,595.0,595.0,0.0,0.10615,0.07821,0.0,0.06704,0.06704,0.09497,0.11732,0.03911,0.06704,0.05587,0.11732,0.0,0.00559,0.04469,0.04469,0.0,0.01117,0.00559,0.07821,0.0,150,17,13,4,0,0,0,0,0,0,0,-1,0,0,,39-172,4,,5.0,46,2,10,,,0,,0.0,-1,0,0,,33-166,3,,10.0,-1,0,0,,,0,,0.0,0,-1,0,0,,,0,,0.0,0,-1,0,0,,,0,,0.0,-1,0,0,,5-140,9,,10.0,-1,0,0,,,0,,0.0,"AspBridge(pos46,sev10); AspCleavex3(pos33-166,sev10); ProtTrypx9(pos5-140,sev10); HydroPatchx4(pos39-172,sev5)",0.0,0.0,0.0,0.0,0.25,0.25,1.0,1.0,1.0,0.0,0.0,1.48892,1.48892,,,,True,False,True,True,0.0,0.0,100000.25,100000.25,0.0,0.69348,0.0,0.0,0.0,0.0,0.0,0.69348,False,False,False,False,False,False,False,False,False,False,False,False,0.83036,0.9778,0.32059,1.89603,1.89603,True,True,True,True,0.0,14.93262,6.57224,0.53812,0.7459,0.53812,0.53812,0.0,0.86615,False,False,False,False,False,False,True,True,False,False,False,True,17128.09961,15895.85254,2,,,,,,,,,,,0.9778,-6.57224,-57.0356,-1065.61292,-6.57224,False,9,True,True,True,True,True,True,True,True,True,True,1.0,19.0,24.0,9.0,21.0,21.5,24.0,6,0.993993993993994,GTVYKYKLDTATGEVTLLGSITTDVPASGVSVDPAENKLYLGAGSNGVVEIYEYDLSTGKYLGQIAIIPVAGYPGGVAVDKKNNLVFVTNPLTGEVLEFDLSTGKLLRSITLPVPASGVSYDPENNLLYAVDASTNNVYKYDANTGEYLGVVATLPLPNVTGISYDPATNTLYVALGPS
NiV-Gprot_175,8,AFKKLGEIIKKYNLPVTLLTGAPGDPALGERVRAAVAAALAAGKLPVILVGSVGFGGYLLGRVVGEALGRLARARPDLHIIVLEGGGGAAAGLVDGLEREGAEFTLIDVTVKGPEAAAEEAVEIIEKTDKTPIVVGAGGGGGTGLAAAALALVVERLVERGIPVAVILVGGGGEEALKAGGVEP,AFKKLGEIIKKYNLPVTLLTGAPGDPALGERVRAAVAAALAAGKLPVILVGSVGFGGYLLGRVVGEALGRLARARPDLHIIVLEGGGGAAAGLVDGLEREGAEFTLIDVTVKGPEAAAEEAVEIIEKTDKTPIVVGAGGGGGTGLAAAALALVVERLVERGIPVAVILVGGGGEEALKAGGVEP,184,0.66126,4.26788,0.87577,1.03797,1.1925,5,1533.30078,1268.6438,56.5405,56.5405,0.20109,0.58152,0.21739,NiV-Gprot_175.cif,600,0,600.0,600.0,0.0,0.18478,0.16304,0.0,0.00543,0.04891,0.03804,0.11957,0.05978,0.00543,0.02717,0.125,0.0,0.0,0.09239,0.04891,0.00543,0.0163,0.04891,0.01087,0.0,235,27,20,7,0,0,0,0,0,0,0,-1,0,0,,47-166,6,,5.0,-1,0,0,,,0,,0.0,-1,0,0,,25-95,2,,10.0,-1,0,0,,,0,,0.0,0,1,1,5,,,0,,0.0,0,-1,0,0,,,0,,0.0,-1,0,0,,3-178,18,,10.0,-1,0,0,,,0,,0.0,"AspCleavex2(pos25-95,sev10); ProtTrypx18(pos3-178,sev10); DPP4(pos1,sev5); HydroPatchx6(pos47-166,sev5)",0.0,0.0,0.0,0.0,0.5,0.75,1.0,1.0,1.0,0.0,0.0,1.1925,1.1925,,,,True,False,True,True,0.0,0.0,100000.25,100000.25,0.0,0.76436,0.0,0.0,0.0,0.0,0.0,0.76436,False,False,False,False,False,False,False,True,False,False,False,False,1.03797,0.94493,0.32924,2.72999,2.72999,True,False,True,True,0.0,11.06379,4.26788,0.66126,0.82823,0.66126,0.66126,0.0,0.91298,False,False,False,False,False,True,True,True,False,False,True,True,17068.45312,15535.15234,2,,,,,,,,,,,0.94493,-4.26788,-56.5405,-1268.6438,-4.26788,False,9,True,True,True,True,True,True,True,True,True,True,1.0,11.0,6.0,25.0,21.0,4.5,25.0,7,0.992992992992993,AFKKLGEIIKKYNLPVTLLTGAPGDPALGERVRAAVAAALAAGKLPVILVGSVGFGGYLLGRVVGEALGRLARARPDLHIIVLEGGGGAAAGLVDGLEREGAEFTLIDVTVKGPEAAAEEAVEIIEKTDKTPIVVGAGGGGGTGLAAAALALVVERLVERGIPVAVILVGGGGEEALKAGGVEP
NiV-Gprot_301,9,FFEGRGSISGLSISPDGSKIFVADAGSQAVEIYDVATGKLLKRIGAVGLSPISGVAVSSDGKRIYVAFAGDKTIRVYDVETGELLDTIETETSGAIGGVAVSSDDKKIYVGDTGTKTVNEFDVETGKKLGVVATTSSRIGGVAISPDDKLLYVADLGTKTVEQFDVKTGKRLGVVATASRPVGGVAVSPDGTTIYVGVGG,FFEGRGSISGLSISPDGSKIFVADAGSQAVEIYDVATGKLLKRIGAVGLSPISGVAVSSDGKRIYVAFAGDKTIRVYDVETGELLDTIETETSGAIGGVAVSSDDKKIYVGDTGTKTVNEFDVETGKKLGVVATTSSRIGGVAISPDDKLLYVADLGTKTVEQFDVKTGKRLGVVATASRPVGGVAVSPDGTTIYVGVGG,200,0.61642,5.74817,0.86101,1.7941,1.09648,6,1327.9082,911.78369,48.9312,48.9312,0.505,0.0,0.495,NiV-Gprot_301.cif,616,0,616.0,616.0,0.0,0.15,0.08,0.0,0.09,0.025,0.09,0.135,0.07,0.005,0.08,0.055,0.0,0.01,0.045,0.07,0.0,0.03,0.035,0.03,0.0,265,29,24,5,0,0,0,0,0,0,0,-1,0,0,,20-194,5,,5.0,-1,0,0,,,0,,0.0,-1,0,0,,16-190,3,,10.0,-1,0,0,,,0,,0.0,0,-1,0,0,,,0,,0.0,0,-1,0,0,,,0,,0.0,-1,0,0,,5-180,21,,10.0,-1,0,0,,,0,,0.0,"AspCleavex3(pos16-190,sev10); ProtTrypx21(pos5-180,sev10); HydroPatchx5(pos20-194,sev5)",0.0,0.0,0.0,0.0,0.25,0.5,0.75,1.0,1.0,0.0,0.0,1.09648,1.09648,,,,True,False,True,True,0.0,0.0,100000.25,100000.25,0.0,0.70464,0.0,0.0,0.0,0.0,0.0,0.70464,False,False,False,False,False,False,False,False,False,False,False,False,1.7941,1.75342,0.26527,4.08531,4.08531,True,False,True,True,0.0,13.09957,5.74817,0.61642,0.79143,0.61642,0.61642,0.0,0.90428,False,False,False,False,False,False,True,True,False,False,True,True,16921.67969,15593.77148,4,,,,,,,,,,,1.75342,-5.74817,-48.9312,-911.78369,-5.74817,False,9,True,True,True,True,True,True,True,True,True,True,1.0,25.0,17.0,20.0,6.0,15.0,25.0,7,0.991991991991992,FFEGRGSISGLSISPDGSKIFVADAGSQAVEIYDVATGKLLKRIGAVGLSPISGVAVSSDGKRIYVAFAGDKTIRVYDVETGELLDTIETETSGAIGGVAVSSDDKKIYVGDTGTKTVNEFDVETGKKLGVVATTSSRIGGVAISPDDKLLYVADLGTKTVEQFDVKTGKRLGVVATASRPVGGVAVSPDGTTIYVGVGG
NiV-Gprot_488,10,GPKAPVGAVAISPDGKTIYTGAYDGTVYVWTPDGKKIGSFKVHDVPIGALAISPDGKLIYTGVADSGTILIWTLDGKLVGSVNVGEGGIGGLAISPDGKTIYVGARDSGLIDKYTLDGKLIDTVLVHTNGIGGLAISPDGSLIFTASLTNPGVVNVWSPEGKYVGSIDTGTTTPIGGIAVSPDGSTIYVADLETGEIIKV,GPKAPVGAVAISPDGKTIYTGAYDGTVYVWTPDGKKIGSFKVHDVPIGALAISPDGKLIYTGVADSGTILIWTLDGKLVGSVNVGEGGIGGLAISPDGKTIYVGARDSGLIDKYTLDGKLIDTVLVHTNGIGGLAISPDGSLIFTASLTNPGVVNVWSPEGKYVGSIDTGTTTPIGGIAVSPDGSTIYVADLETGEIIKV,200,0.54096,7.42212,0.87721,1.34421,1.44291,7,1503.98633,1961.16602,56.5751,56.5751,0.515,0.0,0.485,NiV-Gprot_488.cif,616,0,616.0,616.0,0.0,0.17,0.065,0.0,0.07,0.06,0.095,0.1,0.11,0.02,0.08,0.07,0.0,0.0,0.02,0.06,0.01,0.01,0.005,0.04,0.015,315,35,28,7,0,0,0,0,0,0,0,-1,0,0,,27-187,7,,5.0,129,2,10,,,0,,0.0,-1,0,0,,14-183,11,,10.0,-1,0,0,,30-157,3,,10.0,0,-1,0,0,,,0,,0.0,0,-1,0,0,,,0,,0.0,-1,0,0,,3-199,13,,10.0,-1,0,0,,,0,,0.0,"AspBridge(pos129,sev10); AspCleavex11(pos14-183,sev10); ProtTrypx13(pos3-199,sev10); TrpOxx3(pos30-157,sev10); HydroPatchx7(pos27-187,sev5)",0.0,0.0,0.0,0.0,0.0,0.5,0.75,1.0,1.0,0.0,0.0,1.44291,1.44291,,,,True,False,True,True,0.0,0.0,100000.25,100000.25,0.0,0.73077,0.0,0.0,0.0,0.0,0.0,0.73077,False,False,False,False,False,False,False,False,False,False,False,False,1.34421,1.39416,0.65069,3.17046,3.17046,True,False,True,True,0.0,15.33651,7.42212,0.54096,0.74133,0.54096,0.54096,0.0,0.87748,False,False,False,False,False,False,True,True,False,False,False,True,17150.25,15646.26367,4,,,,,,,,,,,1.39416,-7.42212,-56.5751,-1961.16602,-7.42212,False,9,True,True,True,True,True,True,True,True,True,True,1.0,10.0,31.0,14.0,6.0,6.5,31.0,8,0.990990990990991,GPKAPVGAVAISPDGKTIYTGAYDGTVYVWTPDGKKIGSFKVHDVPIGALAISPDGKLIYTGVADSGTILIWTLDGKLVGSVNVGEGGIGGLAISPDGKTIYVGARDSGLIDKYTLDGKLIDTVLVHTNGIGGLAISPDGSLIFTASLTNPGVVNVWSPEGKYVGSIDTGTTTPIGGIAVSPDGSTIYVADLETGEIIKV
