id,final_rank,designed_sequence,designed_chain_sequence,num_design,design_to_target_iptm,min_design_to_target_pae,design_ptm,filter_rmsd,designfolding-filter_rmsd,plip_hbonds_refolded,delta_sasa_refolded,design_largest_hydrophobic_patch_refolded,design_chain_hydrophobicity,design_hydrophobicity,loop,helix,sheet,file_name,num_prot_tokens,num_lig_atoms,num_resolved_tokens,num_tokens,UNK_fraction,GLY_fraction,ALA_fraction,CYS_fraction,SER_fraction,PRO_fraction,THR_fraction,VAL_fraction,ILE_fraction,ASN_fraction,ASP_fraction,LEU_fraction,MET_fraction,GLN_fraction,GLU_fraction,LYS_fraction,HIS_fraction,PHE_fraction,ARG_fraction,TYR_fraction,TRP_fraction,liability_score,liability_num_violations,liability_high_severity_violations,liability_medium_severity_violations,liability_low_severity_violations,liability_AspBridge_count,liability_AspCleave_count,liability_ProtTryp_count,liability_MetOx_count,liability_TrpOx_count,liability_HydroPatch_count,liability_AspCleave_position,liability_AspCleave_length,liability_AspCleave_severity,liability_AspCleave_details,liability_AspCleave_positions,liability_AspCleave_num_positions,liability_AspCleave_global_details,liability_AspCleave_avg_severity,liability_HydroPatch_position,liability_HydroPatch_length,liability_HydroPatch_severity,liability_HydroPatch_details,liability_HydroPatch_positions,liability_HydroPatch_num_positions,liability_HydroPatch_global_details,liability_HydroPatch_avg_severity,liability_DPP4_count,liability_DPP4_position,liability_DPP4_length,liability_DPP4_severity,liability_DPP4_details,liability_DPP4_positions,liability_DPP4_num_positions,liability_DPP4_global_details,liability_DPP4_avg_severity,liability_NTCycl_count,liability_NTCycl_position,liability_NTCycl_length,liability_NTCycl_severity,liability_NTCycl_details,liability_NTCycl_positions,liability_NTCycl_num_positions,liability_NTCycl_global_details,liability_NTCycl_avg_severity,liability_ProtTryp_position,liability_ProtTryp_length,liability_ProtTryp_severity,liability_ProtTryp_details,liability_ProtTryp_positions,liability_ProtTryp_num_positions,liability_ProtTryp_global_details,liability_ProtTryp_avg_severity,liability_MetOx_position,liability_MetOx_length,liability_MetOx_severity,liability_MetOx_details,liability_MetOx_positions,liability_MetOx_num_positions,liability_MetOx_global_details,liability_MetOx_avg_severity,liability_TrpOx_position,liability_TrpOx_length,liability_TrpOx_severity,liability_TrpOx_details,liability_TrpOx_positions,liability_TrpOx_num_positions,liability_TrpOx_global_details,liability_TrpOx_avg_severity,liability_AspBridge_position,liability_AspBridge_length,liability_AspBridge_severity,liability_AspBridge_details,liability_AspBridge_positions,liability_AspBridge_num_positions,liability_AspBridge_global_details,liability_AspBridge_avg_severity,liability_violations_summary,native_rmsd,native_rmsd_bb,native_rmsd_refolded,native_rmsd_bb_refolded,designfolding-bb_rmsd,designfolding-bb_rmsd_design,designfolding-bb_rmsd_target,designfolding-bb_rmsd_design_target,designfolding-bb_target_aligned_rmsd_design,designfolding-bb_rmsd<2.5,designfolding-bb_target_aligned<2.5,designfolding-bb_designability_rmsd_2,designfolding-bb_designability_rmsd_4,designfolding-ligand_iptm,designfolding-interaction_pae,designfolding-min_interaction_pae,designfolding-min_design_to_target_pae,designfolding-iptm,designfolding-ptm,designfolding-protein_iptm,designfolding-design_iptm,designfolding-design_iiptm,designfolding-design_to_target_iptm,designfolding-target_ptm,designfolding-design_ptm,designfolding-min_interaction_pae<1.5,designfolding-min_interaction_pae<2,designfolding-min_interaction_pae<2.5,designfolding-min_interaction_pae<3,designfolding-min_interaction_pae<4,designfolding-min_interaction_pae<5,designfolding-design_ptm>80,designfolding-design_ptm>75,designfolding-design_iptm>80,designfolding-design_iptm>70,designfolding-design_iptm>60,designfolding-design_iptm>50,bb_rmsd,bb_rmsd_design,bb_rmsd_target,bb_rmsd_design_target,bb_target_aligned_rmsd_design,bb_rmsd<2.5,bb_target_aligned<2.5,bb_designability_rmsd_2,bb_designability_rmsd_4,ligand_iptm,interaction_pae,min_interaction_pae,iptm,ptm,protein_iptm,design_iptm,design_iiptm,target_ptm,min_interaction_pae<1.5,min_interaction_pae<2,min_interaction_pae<2.5,min_interaction_pae<3,min_interaction_pae<4,min_interaction_pae<5,design_ptm>80,design_ptm>75,design_iptm>80,design_iptm>70,design_iptm>60,design_iptm>50,design_sasa_unbound_refolded,design_sasa_bound_refolded,plip_saltbridge_refolded,liability_UnpairedCys_count,liability_UnpairedCys_positions,liability_UnpairedCys_num_positions,liability_UnpairedCys_global_details,liability_UnpairedCys_avg_severity,liability_UnpairedCys_position,liability_UnpairedCys_length,liability_UnpairedCys_severity,liability_UnpairedCys_details,liability_details,filter_rmsd_design,neg_min_design_to_target_pae,neg_design_hydrophobicity,neg_design_largest_hydrophobic_patch_refolded,neg_min_interaction_pae,has_x,num_filters_passed,pass_has_x_filter,pass_filters,pass_filter_rmsd_filter,pass_filter_rmsd_design_filter,pass_designfolding-filter_rmsd_filter,pass_ALA_fraction_filter,pass_GLY_fraction_filter,pass_GLU_fraction_filter,pass_LEU_fraction_filter,pass_VAL_fraction_filter,rank_design_iiptm,rank_design_ptm,rank_neg_min_design_to_target_pae,rank_plip_hbonds_refolded,rank_plip_saltbridge_refolded,rank_delta_sasa_refolded,max_rank,secondary_rank,quality_score,sequence
NiV-Gprot_123,1,ETKTLKVGESATFTVPSGGTITITLHFTNAKRGDTAVITVTLSGGVGKVTVTVTVEPSYDAEVEVTATKDGETKTVVIKPGEPPGKLTFELKPGDTLTLTITVTVVRDGVNEITITLHIEVEDGSPLTVTVTLEKGASGFTHATVTVT,ETKTLKVGESATFTVPSGGTITITLHFTNAKRGDTAVITVTLSGGVGKVTVTVTVEPSYDAEVEVTATKDGETKTVVIKPGEPPGKLTFELKPGDTLTLTITVTVVRDGVNEITITLHIEVEDGSPLTVTVTLEKGASGFTHATVTVT,148,0.70239,3.58225,0.8888,0.78412,0.72986,7,1308.82715,560.79938,49.1983,49.1983,0.34459,0.0,0.65541,NiV-Gprot_123.cif,564,0,564.0,564.0,0.0,0.10135,0.0473,0.0,0.04054,0.0473,0.22297,0.14865,0.05405,0.01351,0.04054,0.06757,0.0,0.0,0.08108,0.06757,0.02027,0.02703,0.01351,0.00676,0.0,165,17,16,1,0,0,0,0,0,0,0,-1,0,0,,70-123,3,,10.0,76,3,5,,,0,,0.0,0,-1,0,0,,,0,,0.0,0,-1,0,0,,,0,,0.0,-1,0,0,,3-135,12,,10.0,-1,0,0,,,0,,0.0,-1,0,0,,,0,,0.0,29,2,10,,,0,,0.0,"AspBridge(pos29,sev10); AspCleavex3(pos70-123,sev10); ProtTrypx12(pos3-135,sev10); HydroPatch(pos76,sev5)",0.0,0.0,0.0,0.0,0.72986,0.72986,,,,True,False,True,True,0.0,0.0,100000.25,100000.25,0.0,0.76804,0.0,0.0,0.0,0.0,0.0,0.76804,False,False,False,False,False,False,False,True,False,False,False,False,0.78412,0.68158,0.38437,1.50185,1.50185,True,True,True,True,0.0,10.39105,3.58225,0.70239,0.84091,0.70239,0.70239,0.0,0.90395,False,False,False,False,True,True,True,True,False,True,True,True,17174.73438,15865.90723,4,,,,,,,,,,,0.68158,-3.58225,-49.1983,-560.79938,-3.58225,False,9,True,True,True,True,True,True,True,True,True,True,1.0,2.0,1.0,3.0,1.0,2.0,3.0,1,1.0,ETKTLKVGESATFTVPSGGTITITLHFTNAKRGDTAVITVTLSGGVGKVTVTVTVEPSYDAEVEVTATKDGETKTVVIKPGEPPGKLTFELKPGDTLTLTITVTVVRDGVNEITITLHIEVEDGSPLTVTVTLEKGASGFTHATVTVT
NiV-Gprot_037,2,SHTLTASTTITAKGKTWKVTVTARVGEDGRILSATFTVTNEETGRTIECNCTCSIQLFNPDCECSGSLDGRTVTVVFYDPETNVELKVTATLSPDGKSLTVTVTVLK,SHTLTASTTITAKGKTWKVTVTARVGEDGRILSATFTVTNEETGRTIECNCTCSIQLFNPDCECSGSLDGRTVTVVFYDPETNVELKVTATLSPDGKSLTVTVTVLK,107,0.39029,9.64105,0.82802,1.00258,0.99191,6,1326.75,502.34695,45.364,45.364,0.36449,0.0,0.63551,NiV-Gprot_037.cif,523,0,523.0,523.0,0.0,0.06542,0.04673,0.04673,0.07477,0.02804,0.20561,0.11215,0.03738,0.03738,0.04673,0.07477,0.0,0.00935,0.06542,0.05607,0.00935,0.02804,0.03738,0.00935,0.00935,195,20,19,1,0,0,0,0,0,0,0,-1,0,0,,28-95,4,,10.0,75,4,5,,,0,,0.0,0,-1,0,0,,,0,,0.0,0,-1,0,0,,,0,,0.0,-1,0,0,,13-97,9,,10.0,-1,0,0,,,0,,0.0,17,1,10,,,0,,0.0,-1,0,0,,,0,,0.0,"AspCleavex4(pos28-95,sev10); ProtTrypx9(pos13-97,sev10); TrpOx(pos17,sev10); HydroPatch(pos75,sev5); UnpairedCysx5(pos49-64,sev10)",0.0,0.0,0.0,0.0,0.99191,0.99191,,,,True,False,True,True,0.0,0.0,100000.25,100000.25,0.0,0.69008,0.0,0.0,0.0,0.0,0.0,0.69008,False,False,False,False,False,False,False,False,False,False,False,False,1.00258,0.80559,0.77627,1.78199,1.78199,True,True,True,True,0.0,19.2842,9.64105,0.39029,0.73984,0.39029,0.39029,0.0,0.84467,False,False,False,False,False,False,True,True,False,False,False,False,16857.46094,15530.71094,2,5.0,49-64,5.0,,10.0,,,,,,0.80559,-9.64105,-45.364,-502.34695,-9.64105,False,9,True,True,True,True,True,True,True,True,True,True,1.0,10.0,10.0,5.0,6.0,1.5,10.0,2,0.9979959919839679,SHTLTASTTITAKGKTWKVTVTARVGEDGRILSATFTVTNEETGRTIECNCTCSIQLFNPDCECSGSLDGRTVTVVFYDPETNVELKVTATLSPDGKSLTVTVTVLK
NiV-Gprot_242,3,MITMTISGPATVTEGGTLTLTVTVTGAPSEGSYALAVIRGLFAGGSQLVALVGNGKEVSGTFSAGVLTAPPTTSTGNGTYTLTIPNVKANQLYTFVLLRLEGDTGTPVAECELSLVLGKPSTLKSGEVNGVKTTCTGPPILVVPA,MITMTISGPATVTEGGTLTLTVTVTGAPSEGSYALAVIRGLFAGGSQLVALVGNGKEVSGTFSAGVLTAPPTTSTGNGTYTLTIPNVKANQLYTFVLLRLEGDTGTPVAECELSLVLGKPSTLKSGEVNGVKTTCTGPPILVVPA,145,0.60767,5.39271,0.89006,1.31507,1.1581,12,1276.90234,1565.13159,53.6132,53.6132,0.3931,0.0,0.6069,NiV-Gprot_242.cif,561,0,561.0,561.0,0.0,0.13793,0.07586,0.01379,0.06897,0.06897,0.16552,0.11034,0.03448,0.03448,0.0069,0.11724,0.01379,0.01379,0.04828,0.03448,0.0,0.02069,0.01379,0.02069,0.0,135,16,11,5,0,0,0,0,0,0,0,-1,0,0,,,0,,0.0,-1,0,0,,95-140,3,,5.0,0,-1,0,0,,,0,,0.0,0,-1,0,0,,,0,,0.0,-1,0,0,,39-132,7,,10.0,-1,0,0,,1-4,2,,5.0,-1,0,0,,,0,,0.0,-1,0,0,,54-129,4,,10.0,"AspBridgex4(pos54-129,sev10); ProtTrypx7(pos39-132,sev10); MetOxx2(pos1-4,sev5); HydroPatchx3(pos95-140,sev5)",0.0,0.0,0.0,0.0,1.1581,1.1581,,,,True,False,True,True,0.0,0.0,100000.25,100000.25,0.0,0.75809,0.0,0.0,0.0,0.0,0.0,0.75809,False,False,False,False,False,False,False,True,False,False,False,False,1.31507,1.15634,0.37563,3.68168,3.68168,True,False,True,True,0.0,13.54968,5.39271,0.60767,0.77268,0.60767,0.60767,0.0,0.86718,False,False,False,False,False,False,True,True,False,False,True,True,16620.89844,15343.99609,1,,,,,,,,,,,1.15634,-5.39271,-53.6132,-1565.13159,-5.39271,False,9,True,True,True,True,True,True,True,True,True,True,1.0,1.0,4.0,0.5,10.5,4.0,10.5,3,0.9959919839679359,MITMTISGPATVTEGGTLTLTVTVTGAPSEGSYALAVIRGLFAGGSQLVALVGNGKEVSGTFSAGVLTAPPTTSTGNGTYTLTIPNVKANQLYTFVLLRLEGDTGTPVAECELSLVLGKPSTLKSGEVNGVKTTCTGPPILVVPA
NiV-Gprot_249,4,EVQLVESGGGLVQAGGSLRLSCAASGFTFSSYAMYWYRQAPGKEREFVAEISGSGGSTDYADSVKGRFTISRDNAKNTLYLQMNSLKPEDTAVYYCAAAPNAVDPDSPFGSIYWGQGTQVTVSS,EVQLVESGGGLVQAGGSLRLSCAASGFTFSSYAMYWYRQAPGKEREFVAEISGSGGSTDYADSVKGRFTISRDNAKNTLYLQMNSLKPEDTAVYYCAAAPNAVDPDSPFGSIYWGQGTQVTVSS,124,0.39624,10.06665,0.81838,1.36911,1.80741,5,1243.1416,454.2515,47.1103,47.1103,0.44355,0.04839,0.50806,NiV-Gprot_249.cif,540,0,540.0,540.0,0.0,0.1129,0.10484,0.01613,0.12903,0.04032,0.05645,0.07258,0.02419,0.03226,0.04839,0.05645,0.01613,0.04839,0.04839,0.03226,0.0,0.04032,0.04032,0.06452,0.01613,200,23,17,6,0,0,0,0,0,0,0,-1,0,0,,62-106,3,,10.0,-1,0,0,,35-112,4,,5.0,0,-1,0,0,,,0,,0.0,0,-1,0,0,,,0,,0.0,-1,0,0,,19-87,9,,10.0,-1,0,0,,34-83,2,,5.0,-1,0,0,,36-114,2,,10.0,-1,0,0,,74-101,3,,10.0,"AspBridgex3(pos74-101,sev10); AspCleavex3(pos62-106,sev10); ProtTrypx9(pos19-87,sev10); MetOxx2(pos34-83,sev5); TrpOxx2(pos36-114,sev10); HydroPatchx4(pos35-112,sev5)",0.0,0.0,0.0,0.0,1.80741,1.80741,,,,True,False,True,True,0.0,0.0,100000.25,100000.25,0.0,0.73787,0.0,0.0,0.0,0.0,0.0,0.73787,False,False,False,False,False,False,False,False,False,False,False,False,1.36911,0.96984,0.86555,3.27728,3.27728,True,False,True,True,0.0,19.70525,10.06665,0.39624,0.71702,0.39624,0.39624,0.0,0.82937,False,False,False,False,False,False,True,True,False,False,False,False,17432.08789,16188.94629,0,,,,,,,,,,,0.96984,-10.06665,-47.1103,-454.2515,-10.06665,False,9,True,True,True,True,True,True,True,True,True,True,1.0,15.0,15.0,8.5,14.5,5.0,15.0,4,0.9939879759519038,EVQLVESGGGLVQAGGSLRLSCAASGFTFSSYAMYWYRQAPGKEREFVAEISGSGGSTDYADSVKGRFTISRDNAKNTLYLQMNSLKPEDTAVYYCAAAPNAVDPDSPFGSIYWGQGTQVTVSS
NiV-Gprot_248,5,EVQLVESGGGLVQAGGSLRLSCAASGFTFSSYYMGWYRQAPGKERELVAEISSSGGNTGYADSVKGRFTISRDNAKNTLYLQMNSLKPEDTAVYYCAASSTEYFDDPRAPGKYWGQGTQVTVSS,EVQLVESGGGLVQAGGSLRLSCAASGFTFSSYYMGWYRQAPGKERELVAEISSSGGNTGYADSVKGRFTISRDNAKNTLYLQMNSLKPEDTAVYYCAASSTEYFDDPRAPGKYWGQGTQVTVSS,124,0.56192,4.9963,0.86337,1.9374,0.83208,6,1059.89258,343.23666,44.7215,44.7215,0.45968,0.04839,0.49194,NiV-Gprot_248.cif,540,0,540.0,540.0,0.0,0.12097,0.08871,0.01613,0.12903,0.03226,0.06452,0.06452,0.01613,0.03226,0.04032,0.06452,0.01613,0.04839,0.05645,0.04032,0.0,0.03226,0.04839,0.07258,0.01613,190,21,17,4,0,0,0,0,0,0,0,-1,0,0,,62-106,2,,10.0,-1,0,0,,79-93,2,,5.0,0,-1,0,0,,,0,,0.0,0,-1,0,0,,,0,,0.0,-1,0,0,,19-112,11,,10.0,-1,0,0,,34-83,2,,5.0,-1,0,0,,36-114,2,,10.0,-1,0,0,,74-84,2,,10.0,"AspBridgex2(pos74-84,sev10); AspCleavex2(pos62-106,sev10); ProtTrypx11(pos19-112,sev10); MetOxx2(pos34-83,sev5); TrpOxx2(pos36-114,sev10); HydroPatchx2(pos79-93,sev5)",0.0,0.0,0.0,0.0,0.83208,0.83208,,,,True,False,True,True,0.0,0.0,100000.25,100000.25,0.0,0.74901,0.0,0.0,0.0,0.0,0.0,0.74901,False,False,False,False,False,False,False,False,False,False,False,False,1.9374,0.7664,0.7233,5.56257,5.56257,True,False,True,True,0.0,14.95067,4.9963,0.56192,0.76945,0.56192,0.56192,0.0,0.85776,False,False,False,False,False,True,True,True,False,False,False,True,16939.04102,15879.14844,4,,,,,,,,,,,0.7664,-4.9963,-44.7215,-343.23666,-4.9963,False,9,True,True,True,True,True,True,True,True,True,True,1.0,3.0,3.0,5.0,1.0,16.0,16.0,5,0.9919839679358717,EVQLVESGGGLVQAGGSLRLSCAASGFTFSSYYMGWYRQAPGKERELVAEISSSGGNTGYADSVKGRFTISRDNAKNTLYLQMNSLKPEDTAVYYCAASSTEYFDDPRAPGKYWGQGTQVTVSS
NiV-Gprot_052,6,EVQLVESGGGLVQPGGSLRLSCAASGFTFSDYDMAWLRQAPGKGRELVAVISGSGSTKYYADSVKGRFTISRDNSKNTLYLQMNSLRSEDTAVYYCARGYVENGLFVPDYWGQGTQVTV,EVQLVESGGGLVQPGGSLRLSCAASGFTFSDYDMAWLRQAPGKGRELVAVISGSGSTKYYADSVKGRFTISRDNSKNTLYLQMNSLRSEDTAVYYCARGYVENGLFVPDYWGQGTQVTV,119,0.39445,10.4094,0.85088,2.46204,0.64191,8,1160.125,463.91962,49.4118,49.4118,0.39496,0.07563,0.52941,NiV-Gprot_052.cif,535,0,535.0,535.0,0.0,0.12605,0.06723,0.01681,0.10924,0.02521,0.05882,0.09244,0.01681,0.03361,0.05042,0.08403,0.01681,0.05042,0.04202,0.03361,0.0,0.03361,0.05882,0.06723,0.01681,195,22,17,5,0,0,0,0,0,0,0,62,2,10,,,0,,0.0,-1,0,0,,79-105,3,,5.0,0,-1,0,0,,,0,,0.0,0,-1,0,0,,,0,,0.0,-1,0,0,,19-98,11,,10.0,-1,0,0,,34-83,2,,5.0,-1,0,0,,36-111,2,,10.0,-1,0,0,,74-103,3,,10.0,"AspBridgex3(pos74-103,sev10); AspCleave(pos62,sev10); ProtTrypx11(pos19-98,sev10); MetOxx2(pos34-83,sev5); TrpOxx2(pos36-111,sev10); HydroPatchx3(pos79-105,sev5)",0.0,0.0,0.0,0.0,0.64191,0.64191,,,,True,False,True,True,0.0,0.0,100000.25,100000.25,0.0,0.78774,0.0,0.0,0.0,0.0,0.0,0.78774,False,False,False,False,False,False,False,True,False,False,False,False,2.46204,0.77273,0.81232,6.41746,6.41746,True,False,True,True,0.0,20.53458,10.4094,0.39445,0.74134,0.39445,0.39445,0.0,0.85839,False,False,False,False,False,False,True,True,False,False,False,False,16971.57031,15811.44531,3,,,,,,,,,,,0.77273,-10.4094,-49.4118,-463.91962,-10.4094,False,9,True,True,True,True,True,True,True,True,True,True,1.0,4.0,17.0,1.5,3.5,11.0,17.0,6,0.9899799599198397,EVQLVESGGGLVQPGGSLRLSCAASGFTFSDYDMAWLRQAPGKGRELVAVISGSGSTKYYADSVKGRFTISRDNSKNTLYLQMNSLRSEDTAVYYCARGYVENGLFVPDYWGQGTQVTV
NiV-Gprot_230,7,SYIPTTSATSEPVTLKPGETATVTCTNTGSVPATVTVTVKLKNTGDAPVTVEVTATVTGEFTGSLKLGVTDNPSVLPLLFPGVTSVTITLAPGEEKYVTATVKGMAPGASITVTVKNLGDAGEVEVTATCSADSAETTLTVSVTKT,SYIPTTSATSEPVTLKPGETATVTCTNTGSVPATVTVTVKLKNTGDAPVTVEVTATVTGEFTGSLKLGVTDNPSVLPLLFPGVTSVTITLAPGEEKYVTATVKGMAPGASITVTVKNLGDAGEVEVTATCSADSAETTLTVSVTKT,146,0.39952,9.82555,0.81534,1.0753,1.94062,2,1226.22754,1094.23633,46.349,46.349,0.42466,0.0,0.57534,NiV-Gprot_230.cif,562,0,562.0,562.0,0.0,0.08219,0.08904,0.0137,0.07534,0.06849,0.22603,0.15068,0.02055,0.0274,0.0274,0.06849,0.00685,0.0,0.06164,0.05479,0.0,0.0137,0.0,0.0137,0.0,100,11,9,2,0,0,0,0,0,0,0,133,2,10,,,0,,0.0,78,3,5,,,0,,0.0,0,-1,0,0,,,0,,0.0,0,-1,0,0,,,0,,0.0,-1,0,0,,16-145,8,,10.0,105,1,5,,,0,,0.0,-1,0,0,,,0,,0.0,-1,0,0,,,0,,0.0,"AspCleave(pos133,sev10); ProtTrypx8(pos16-145,sev10); MetOx(pos105,sev5); HydroPatch(pos78,sev5)",0.0,0.0,0.0,0.0,1.94062,1.94062,,,,True,False,True,True,0.0,0.0,100000.25,100000.25,0.0,0.69512,0.0,0.0,0.0,0.0,0.0,0.69512,False,False,False,False,False,False,False,False,False,False,False,False,1.0753,0.78533,0.40602,2.33314,2.33314,True,True,True,True,0.0,20.59781,9.82555,0.39952,0.71265,0.39952,0.39952,0.0,0.84592,False,False,False,False,False,False,True,True,False,False,False,False,16963.94531,15737.71777,3,,,,,,,,,,,0.78533,-9.82555,-46.349,-1094.23633,-9.82555,False,9,True,True,True,True,True,True,True,True,True,True,1.0,18.0,12.0,16.5,3.5,6.5,18.0,7,0.9879759519038076,SYIPTTSATSEPVTLKPGETATVTCTNTGSVPATVTVTVKLKNTGDAPVTVEVTATVTGEFTGSLKLGVTDNPSVLPLLFPGVTSVTITLAPGEEKYVTATVKGMAPGASITVTVKNLGDAGEVEVTATCSADSAETTLTVSVTKT
NiV-Gprot_207,8,EVQLVESGGGLVQAGGSLRLSCAASGFTFSNYGMGWFRQAPGKERELVADISSSGGSTGYADSVKGRFTISRDNAKNTLYLQMNSLKAEDTAVYYCAASSLNYVSDNPFVPGVYWGQGTQVTVSS,EVQLVESGGGLVQAGGSLRLSCAASGFTFSNYGMGWFRQAPGKERELVADISSSGGSTGYADSVKGRFTISRDNAKNTLYLQMNSLKAEDTAVYYCAASSLNYVSDNPFVPGVYWGQGTQVTVSS,125,0.48436,7.09627,0.82834,1.34491,0.89528,1,1069.82715,674.45062,47.65,47.65,0.44,0.072,0.488,NiV-Gprot_207.cif,541,0,541.0,541.0,0.0,0.128,0.088,0.016,0.136,0.024,0.056,0.088,0.016,0.048,0.04,0.072,0.016,0.048,0.04,0.032,0.0,0.04,0.04,0.056,0.016,165,19,14,5,0,0,0,0,0,0,0,62,2,10,,,0,,0.0,-1,0,0,,79-113,3,,5.0,0,-1,0,0,,,0,,0.0,0,-1,0,0,,,0,,0.0,-1,0,0,,19-87,9,,10.0,-1,0,0,,34-83,2,,5.0,-1,0,0,,36-115,2,,10.0,-1,0,0,,74-84,2,,10.0,"AspBridgex2(pos74-84,sev10); AspCleave(pos62,sev10); ProtTrypx9(pos19-87,sev10); MetOxx2(pos34-83,sev5); TrpOxx2(pos36-115,sev10); HydroPatchx3(pos79-113,sev5)",0.0,0.0,0.0,0.0,0.89528,0.89528,,,,True,False,True,True,0.0,0.0,100000.25,100000.25,0.0,0.75064,0.0,0.0,0.0,0.0,0.0,0.75064,False,False,False,False,False,False,False,True,False,False,False,False,1.34491,0.84957,0.45079,3.6726,3.6726,True,False,True,True,0.0,16.53084,7.09627,0.48436,0.73878,0.48436,0.48436,0.0,0.83644,False,False,False,False,False,False,True,True,False,False,False,False,17016.25195,15946.4248,1,,,,,,,,,,,0.84957,-7.09627,-47.65,-674.45062,-7.09627,False,9,True,True,True,True,True,True,True,True,True,True,1.0,9.0,5.0,18.5,10.5,15.5,18.5,8,0.9859719438877755,EVQLVESGGGLVQAGGSLRLSCAASGFTFSNYGMGWFRQAPGKERELVADISSSGGSTGYADSVKGRFTISRDNAKNTLYLQMNSLKAEDTAVYYCAASSLNYVSDNPFVPGVYWGQGTQVTVSS
NiV-Gprot_237,9,EVQLVESGGGLVQAGGSLRLSCAASGFTLSSYGMSWYRQAPGKEREFVAEISPGGSTYYADSVKGRFTISRDNAKNTLYLQMNSLKPEDTAVYYCKRDAGPGLDYWGQGTQVTVS,EVQLVESGGGLVQAGGSLRLSCAASGFTLSSYGMSWYRQAPGKEREFVAEISPGGSTYYADSVKGRFTISRDNAKNTLYLQMNSLKPEDTAVYYCKRDAGPGLDYWGQGTQVTVS,115,0.48517,8.6498,0.84903,2.35693,0.73455,2,913.26855,262.79089,45.8796,45.8796,0.45217,0.05217,0.49565,NiV-Gprot_237.cif,531,0,531.0,531.0,0.0,0.13043,0.07826,0.01739,0.11304,0.03478,0.06087,0.06957,0.01739,0.02609,0.04348,0.07826,0.01739,0.05217,0.05217,0.04348,0.0,0.02609,0.05217,0.06957,0.01739,180,20,16,4,0,0,0,0,0,0,0,61,2,10,,,0,,0.0,-1,0,0,,78-92,2,,5.0,0,-1,0,0,,,0,,0.0,0,-1,0,0,,,0,,0.0,-1,0,0,,19-97,11,,10.0,-1,0,0,,34-82,2,,5.0,-1,0,0,,36-106,2,,10.0,-1,0,0,,73-83,2,,10.0,"AspBridgex2(pos73-83,sev10); AspCleave(pos61,sev10); ProtTrypx11(pos19-97,sev10); MetOxx2(pos34-82,sev5); TrpOxx2(pos36-106,sev10); HydroPatchx2(pos78-92,sev5)",0.0,0.0,0.0,0.0,0.73455,0.73455,,,,True,False,True,True,0.0,0.0,100000.25,100000.25,0.0,0.78141,0.0,0.0,0.0,0.0,0.0,0.78141,False,False,False,False,False,False,False,True,False,False,False,False,2.35693,0.51958,0.4388,6.81467,6.81467,True,False,True,True,0.0,15.68939,8.6498,0.48517,0.77679,0.48517,0.48517,0.0,0.87047,False,False,False,False,False,False,True,True,False,False,False,False,17031.94531,16118.67676,0,,,,,,,,,,,0.51958,-8.6498,-45.8796,-262.79089,-8.6498,False,9,True,True,True,True,True,True,True,True,True,True,1.0,5.0,7.0,16.5,14.5,19.0,19.0,9,0.9839679358717435,EVQLVESGGGLVQAGGSLRLSCAASGFTLSSYGMSWYRQAPGKEREFVAEISPGGSTYYADSVKGRFTISRDNAKNTLYLQMNSLKPEDTAVYYCKRDAGPGLDYWGQGTQVTVS
NiV-Gprot_073,10,EVQLVESGGGLVQAGGSLRLSCAASGFTFSSYYMGWYRQAPGKEREFVAEISPSGGVKDYADSVKGRFTISRDNAKNTLYLQMNSLKPEDTAVYYCVARSVPNGSLDYWGQGTQVTVS,EVQLVESGGGLVQAGGSLRLSCAASGFTFSSYYMGWYRQAPGKEREFVAEISPSGGVKDYADSVKGRFTISRDNAKNTLYLQMNSLKPEDTAVYYCVARSVPNGSLDYWGQGTQVTVS,118,0.41094,8.93468,0.81248,1.1736,0.7669,4,1169.45312,260.42648,47.3293,47.3293,0.44915,0.05085,0.5,NiV-Gprot_073.cif,534,0,534.0,534.0,0.0,0.11864,0.07627,0.01695,0.11864,0.0339,0.05085,0.09322,0.01695,0.0339,0.04237,0.0678,0.01695,0.05085,0.05085,0.04237,0.0,0.0339,0.05085,0.0678,0.01695,190,21,17,4,0,0,0,0,0,0,0,62,2,10,,,0,,0.0,-1,0,0,,79-93,2,,5.0,0,-1,0,0,,,0,,0.0,0,-1,0,0,,,0,,0.0,-1,0,0,,19-99,11,,10.0,-1,0,0,,34-83,2,,5.0,-1,0,0,,36-109,2,,10.0,-1,0,0,,74-103,3,,10.0,"AspBridgex3(pos74-103,sev10); AspCleave(pos62,sev10); ProtTrypx11(pos19-99,sev10); MetOxx2(pos34-83,sev5); TrpOxx2(pos36-109,sev10); HydroPatchx2(pos79-93,sev5)",0.0,0.0,0.0,0.0,0.7669,0.7669,,,,True,False,True,True,0.0,0.0,100000.25,100000.25,0.0,0.75941,0.0,0.0,0.0,0.0,0.0,0.75941,False,False,False,False,False,False,False,True,False,False,False,False,1.1736,0.99633,0.56392,2.72387,2.72387,True,False,True,True,0.0,18.44704,8.93468,0.41094,0.74455,0.41094,0.41094,0.0,0.8504,False,False,False,False,False,False,True,True,False,False,False,False,17432.86328,16263.41016,0,,,,,,,,,,,0.99633,-8.93468,-47.3293,-260.42648,-8.93468,False,9,True,True,True,True,True,True,True,True,True,True,1.0,21.0,8.0,12.0,14.5,10.0,21.0,10,0.9819639278557114,EVQLVESGGGLVQAGGSLRLSCAASGFTFSSYYMGWYRQAPGKEREFVAEISPSGGVKDYADSVKGRFTISRDNAKNTLYLQMNSLKPEDTAVYYCVARSVPNGSLDYWGQGTQVTVS
